6347,0,7710,1,Zahir Blanchard
5817,0,2021,1,Lareina Maynard
6133,0,2280,1,Justina Ayers
6759,0,4733,1,Caesar Taylor
6034,0,1222,1,Jason Gillespie
6018,0,9072,2,Grant Holcomb
6227,0,8257,2,Zephr Ingram
6943,0,3677,2,Dennis Estes
6287,0,2009,2,Abel Salas
6057,1,4227,2,Rigel Parker
6321,1,6073,3,Jonah Fitzgerald
6084,1,1162,3,Christian Hodge
6795,0,2599,3,Cassady Blake
5931,0,3580,3,Quinn Booth
6889,0,3897,3,Kerry Ballard
7089,0,1653,1,Ima Holloway
6588,0,7400,1,Myra Oneil
6541,0,3950,1,Clare Watkins
6347,0,3441,1,Malik Murphy
6686,0,6801,1,Patrick Mcintyre
5824,0,6182,2,Vance Keith
5966,0,7719,2,Reece Ballard
6705,0,5480,2,Colton Long
6561,0,5240,2,Kylee Parker
5882,0,4309,2,Ahmed Drake
6665,0,5484,3,Shea Hensley
6936,0,8376,3,Renee Sparks
7055,0,2016,3,Scarlet Kemp
6463,0,8871,3,Shafira Miranda
7002,0,9724,3,Lisandra Wall
6548,1,7310,1,Quail Jones
6551,1,2323,1,Xanthus Ashley
6111,1,2748,1,Devin Tate
5976,1,6381,1,Amethyst Nieves
6584,1,5545,1,Wynter Keller
5814,1,1517,2,Hector Atkinson
6960,1,7297,2,Carson Dunn
6861,0,6654,2,Kermit Hinton
5976,0,1333,2,Merrill Benjamin
6835,0,2886,2,Dillon Harris
6936,0,4870,3,Priscilla Sellers
5904,0,1306,3,Alfreda Gibbs
6924,0,1626,3,Sydnee Holden
6103,0,5043,3,Jacob Joseph
5848,0,7527,3,Yvette Mcclure
6200,0,9406,1,Samuel Rivera
6300,0,5383,1,Chaney Alvarez
5862,0,7196,1,Dorothy Wood
6788,0,1460,1,Hamish Dominguez
6245,0,6338,1,McKenzie Larson
5943,0,3748,2,Eric Farmer
6271,0,5198,2,Petra Navarro
6574,0,2492,2,Calista Floyd
6943,0,8439,2,Odessa Christian
6584,0,2907,2,Timon Howe
6733,0,4913,3,Buckminster Buchanan
6388,0,9102,3,Micah Whitehead
6538,0,7989,3,Shay Sampson
6558,0,5483,3,Alec Chapman
6484,0,5528,3,Colette Ayers
5844,0,7332,1,Giacomo Gregory
6064,0,2525,1,Athena Burton
6670,0,9312,1,Lucius Levy
6342,0,4035,1,Peter Mckee
6682,0,4872,1,Maile Aguirre
6600,0,6608,2,Cora Jordan
6933,0,5242,2,Florence Rice
6882,0,3581,2,Nigel Tanner
6280,0,3234,2,Yeo Strong
6631,0,4972,2,Isadora Richard
6345,0,5214,3,Nathan Le
5881,0,7435,3,Tasha Oneil
6225,0,8097,3,Jennifer Craig
6716,1,4250,3,Denise Hicks
6171,1,1286,3,Penelope Franco
6846,1,7469,1,Calvin Lara
7044,1,6442,1,India Glover
6444,1,7407,1,Michael Cash
6209,0,6562,1,Ina Freeman
6034,0,2579,1,Beau Allison
6777,0,7344,2,Iola Kennedy
6311,0,9617,2,Kevin King
6736,0,8425,2,Keiko Wynn
6900,0,9312,2,Nomlanga Wise
6985,0,3472,2,Sigourney Mccarty
6651,0,6146,3,Allegra Romero
6185,0,8814,3,Callie Gordon
5963,0,3938,3,Harlan Casey
6420,0,7599,3,Cathleen Salinas
6314,0,5944,3,Reece Mcmillan
6411,0,5553,1,Oprah Cooley
6553,0,1242,1,Asher Mason
6664,0,8123,1,Erin Dunn
6591,0,8026,1,Jameson Graham
6521,0,1295,1,Oprah Dalton
6280,0,6541,2,Jaden Ball
6837,0,9216,2,Amal Workman
6326,0,5197,2,Freya Goff
6130,0,4966,2,Kenyon Velez
6179,0,1635,2,Rashad Foreman